{
  "n_samples": 5,
  "n_outliers": 3,
  "meta": {
    "feature_fwd": "affine",
    "feature_z": "bilinear"
  },
  "fwd": {
    "feature_set": "affine",
    "coef": [
      228.22,
      35.774125499979796,
      -0.09601419893919873
    ],
    "f_mean": 187.84,
    "f_std": 31.626672287801632,
    "z_mean": 67.8,
    "z_std": 45.380171881560784,
    "loo_rms": 3.8488877640547257,
    "train_rms": 1.1136920564894481
  },
  "z": {
    "feature_set": "bilinear",
    "coef": [
      101.52269449836967,
      7.282955432157599,
      74.96962965986302,
      21.146399196419093
    ],
    "f_mean": 187.84,
    "f_std": 31.626672287801632,
    "z_mean": 67.8,
    "z_std": 45.380171881560784,
    "loo_rms": 3.0407622009418187,
    "train_rms": 0.5567614775329048
  }
}